species,leafset,source,n,R2_theta,R2_phi,r_cc_phi,med_dtheta,med_dphi
sorghum,(a) own-retained [published],skel,1261,0.47991555476115455,0.5298263411021675,0.4399379098035505,4.84337490349872,5.460512153034699
sorghum,(a) own-retained [published],proc,1168,0.3556469889405861,0.4671338334784729,0.3169873415949392,5.3620510204081615,6.8897500000000065
sorghum,(b) both-keep,skel,1168,0.4610693662714678,0.5326493982313365,0.2343301047185902,4.895457364681109,5.291202650734462
sorghum,(b) both-keep,proc,1168,0.3556469889405861,0.4671338334784729,0.3169873415949392,5.3620510204081615,6.8897500000000065
sorghum,(c) all-common,skel,1285,0.38791083112624364,0.517637597825211,0.28829772613211807,4.9391273770800765,5.591890697961588
sorghum,(c) all-common,proc,1285,0.2617313511612322,0.4505414796505433,0.25742477300407063,5.510781632653053,7.331800000000015
maize,(a) own-retained [published],skel,12437,0.560319724801345,0.40470785698340284,0.7542232106468371,4.992146269255009,4.868573807608385
maize,(a) own-retained [published],proc,11301,0.36106405184565543,0.4115412604441132,0.7949226901456331,8.390097959183706,5.019199999999955
maize,(b) both-keep,skel,11301,0.49363687274500995,0.4279830708925077,0.7894735781508279,4.7066370996298375,4.4059401710972566
maize,(b) both-keep,proc,11301,0.36106405184565543,0.4115412604441132,0.7949226901456331,8.390097959183706,5.019199999999955
maize,(c) all-common,skel,13100,0.49259471457150017,0.3793013250421294,0.7232512901321193,5.244993199942268,5.379836824165594
maize,(c) all-common,proc,13100,0.36262023141082783,0.36307340758333406,0.7446388661990884,9.757313265306125,6.119200000000006
