window,collapse,source,n_plants,n_geno,ge20,median_H2,mean_H2
full,mean,voxel,80,20,13,0.8832167515857047,0.8292940860816626
full,mean,skeleton,80,20,13,0.8559718529449895,0.8016109233311671
full,mean,procedural,80,20,13,0.8749638315855888,0.8118299185286886
full,median,voxel,80,20,13,0.8693419538180637,0.7660147661945659
full,median,skeleton,80,20,13,0.9002505939071639,0.7745556225606781
full,median,procedural,80,20,13,0.8801458723318981,0.7578636138632392
day15-45,mean,voxel,80,20,13,0.8756883500274394,0.7925201227587156
day15-45,mean,skeleton,80,20,13,0.8661998975010679,0.761904526572321
day15-45,mean,procedural,80,20,13,0.8838214233067564,0.7667261545353216
day15-45,median,voxel,80,20,13,0.8354244867664947,0.746989946561216
day15-45,median,skeleton,80,20,13,0.8306930084498398,0.7300803455197046
day15-45,median,procedural,80,20,13,0.8870112749366068,0.7262060904387236
