source,trait,H2,lo,hi,w
gold,theta_gold_0,0.8042182743661392,0.5921335265582631,0.8895337530599386,0.2974002265016755
gold,theta_gold_1,0.8115220582411996,0.5178827052408665,0.944162365875022,0.42627966063415546
gold,theta_gold_2,0.8859893581838281,0.7799570067233224,0.9179640838737106,0.1380070771503883
gold,theta_gold_3,0.9091202896498111,0.8503667729762701,0.9370582765683444,0.08669150359207434
gold,theta_gold_4,0.7688814109214558,0.46468873085361523,0.9082154955878816,0.4435267647342664
gold,Phi_dev_gold_1,0.441000892323737,0.08228432492886845,0.6572745628481036,0.5749902379192351
gold,Phi_dev_gold_2,0.27921404747123846,0.0,0.6302470951667346,0.6302470951667346
gold,Phi_dev_gold_3,0.3198126322239705,0.0,0.7086400816297258,0.7086400816297258
gold,Phi_dev_gold_4,0.5454078181689985,0.0621090279968074,0.6542696097065751,0.5921605817097677
gold,med_theta_gold,0.9377961340869169,0.8488723843245186,0.9603985381493099,0.11152615382479125
gold,am_theta_gold,0.845783480347941,0.6986560841961289,0.9197183782954566,0.22106229409932765
gold,med_phi_dev_gold,0.453041730411812,0.0,0.6760219938765226,0.6760219938765226
gold,am_phi_dev_gold,0.43968711786725967,0.11594309251640644,0.5989835708290785,0.48304047831267205
e1b,theta_e1b_0,0.8307903438703362,0.5550037027528246,0.937716043753151,0.38271234100032636
e1b,theta_e1b_1,0.8211306713253129,0.5713794342730822,0.9380495501727545,0.36667011589967224
e1b,theta_e1b_2,0.9014975370324678,0.771877390260297,0.937669565912492,0.16579217565219495
e1b,theta_e1b_3,0.9109603475831032,0.836267230193363,0.9457574848250858,0.1094902546317228
e1b,theta_e1b_4,0.8185961173696404,0.6556181007727654,0.9140634175033476,0.25844531673058224
e1b,Phi_dev_e1b_1,0.4269644704064832,0.04012699721601041,0.6393401049547754,0.599213107738765
e1b,Phi_dev_e1b_2,0.3417971687513853,0.0,0.6375275096138349,0.6375275096138349
e1b,Phi_dev_e1b_3,0.3319902575846653,0.0,0.6020460826775687,0.6020460826775687
e1b,Phi_dev_e1b_4,0.48398052225890204,0.0,0.578227013622766,0.578227013622766
e1b,med_theta_e1b,0.9201800047088065,0.8216194752915095,0.9533472398448585,0.131727764553349
e1b,am_theta_e1b,0.862578803878887,0.7071128951833106,0.9288630464439643,0.22175015126065378
e1b,med_phi_dev_e1b,0.4506668616883943,0.10840535100380294,0.6872873549108276,0.5788820039070246
e1b,am_phi_dev_e1b,0.413019655128669,0.07168036056781892,0.5810897166965567,0.5094093561287378
e5,theta_e5_0,0.8014648109158462,0.5341676663434369,0.9037583774955287,0.36959071115209174
e5,theta_e5_1,0.8699545565778662,0.671343219937962,0.9557780146744654,0.28443479473650346
e5,theta_e5_2,0.9178352642046893,0.8250379730095426,0.9514947292578293,0.12645675624828667
e5,theta_e5_3,0.8883129292844425,0.7591680240060761,0.9314139263688691,0.17224590236279302
e5,theta_e5_4,0.7859468930695878,0.5898045745740729,0.9011754164852065,0.3113708419111336
e5,Phi_dev_e5_1,0.37713983717361,0.018653989510995703,0.6073033648654811,0.5886493753544854
e5,Phi_dev_e5_2,0.3025545378670643,0.0,0.6092931848336183,0.6092931848336183
e5,Phi_dev_e5_3,0.23741304053526238,0.0,0.5504905910449593,0.5504905910449593
e5,Phi_dev_e5_4,0.48855607740963913,0.1612270180519912,0.6050002321177785,0.44377321406578735
e5,med_theta_e5,0.9305291913433864,0.8466521820153335,0.9627845127880956,0.11613233077276208
e5,am_theta_e5,0.9075201896812555,0.8203908077522416,0.9446051265505336,0.12421431879829203
e5,med_phi_dev_e5,0.40819891801621505,0.02972658925069682,0.6393927427823383,0.6096661535316414
e5,am_phi_dev_e5,0.44143944380448324,0.1522710844519466,0.6091403026441753,0.4568692181922287
