species,source,trait,H2
sorghum,voxel,theta_0,0.5636804592233031
sorghum,voxel,theta_1,0.6928128014836136
sorghum,voxel,theta_2,0.15894895781851243
sorghum,voxel,theta_3,0.37673015495739964
sorghum,voxel,theta_4,0.05557126349731632
sorghum,voxel,Phi_1,5.701049309073102e-08
sorghum,voxel,Phi_2,0.4995923191947775
sorghum,voxel,Phi_3,0.5344887367660992
sorghum,voxel,Phi_4,0.2894831639153254
sorghum,voxel,med_theta,0.3544519052915909
sorghum,voxel,am_theta,0.3959696634419461
sorghum,voxel,med_phi,0.27873958349127803
sorghum,voxel,am_phi,0.3485498340433714
sorghum,skeleton,theta_0,0.18294841287998656
sorghum,skeleton,theta_1,0.5504423322564963
sorghum,skeleton,theta_2,0.42947733692167234
sorghum,skeleton,theta_3,0.496019032252102
sorghum,skeleton,theta_4,0.08003418292014819
sorghum,skeleton,Phi_1,5.280395620998226e-09
sorghum,skeleton,Phi_2,0.6924356574909896
sorghum,skeleton,Phi_3,0.5780815435511543
sorghum,skeleton,Phi_4,0.1026170501010444
sorghum,skeleton,med_theta,0.38985713322908
sorghum,skeleton,am_theta,0.40241909653266467
sorghum,skeleton,med_phi,0.29257616900317157
sorghum,skeleton,am_phi,0.38169319803190166
sorghum,procedural,theta_0,0.5786915681717778
sorghum,procedural,theta_1,0.6031771312733925
sorghum,procedural,theta_2,0.5566130953296025
sorghum,procedural,theta_3,0.4766011844138044
sorghum,procedural,theta_4,0.3544645022677595
sorghum,procedural,Phi_1,2.5966563995432253e-10
sorghum,procedural,Phi_2,0.5932329876849478
sorghum,procedural,Phi_3,0.46278188203470527
sorghum,procedural,Phi_4,0.18796559914329586
sorghum,procedural,med_theta,0.6081847051885391
sorghum,procedural,am_theta,0.6562734240430378
sorghum,procedural,med_phi,0.08870250296037895
sorghum,procedural,am_phi,0.14892834168607033
maize,voxel,theta_0,0.9242554304932651
maize,voxel,theta_1,0.9586193301683229
maize,voxel,theta_2,0.956391947764907
maize,voxel,theta_3,0.9474257217745773
maize,voxel,theta_4,0.8731575770515059
maize,voxel,Phi_1,0.5090178859888492
maize,voxel,Phi_2,0.6797849009286906
maize,voxel,Phi_3,0.5796626717824198
maize,voxel,Phi_4,0.2747095830478415
maize,voxel,med_theta,0.9714109184269523
maize,voxel,am_theta,0.9711478911234109
maize,voxel,med_phi,0.6451257274065944
maize,voxel,am_phi,0.5366106312057118
maize,skeleton,theta_0,0.9457478048510373
maize,skeleton,theta_1,0.9607854031856722
maize,skeleton,theta_2,0.964662792077075
maize,skeleton,theta_3,0.9596043201570719
maize,skeleton,theta_4,0.9138632503726933
maize,skeleton,Phi_1,0.4440120279374386
maize,skeleton,Phi_2,0.6782671468712852
maize,skeleton,Phi_3,0.5724480662959102
maize,skeleton,Phi_4,0.10026726209063311
maize,skeleton,med_theta,0.9705413746068148
maize,skeleton,am_theta,0.9618678066143521
maize,skeleton,med_phi,0.6419656831557623
maize,skeleton,am_phi,0.5491135790223135
maize,procedural,theta_0,0.9097766906720817
maize,procedural,theta_1,0.9565379565146784
maize,procedural,theta_2,0.9675787405149415
maize,procedural,theta_3,0.9464910141726225
maize,procedural,theta_4,0.8979021208027833
maize,procedural,Phi_1,0.48085975370711576
maize,procedural,Phi_2,0.5754225127256208
maize,procedural,Phi_3,0.5061682615404632
maize,procedural,Phi_4,0.22770806784139355
maize,procedural,med_theta,0.9703951497761214
maize,procedural,am_theta,0.9671820122740087
maize,procedural,med_phi,0.5690488774872925
maize,procedural,am_phi,0.5019079412468317
