species,source,trait,H2_mom,lo,hi,width
maize,voxel,theta_0,0.9242629489305135,0.8397143319142305,0.9546022415731248,0.11488790965889428
maize,voxel,theta_1,0.9586246168962365,0.9046713110048971,0.9808255080975539,0.0761541970926568
maize,voxel,theta_2,0.9563958152612901,0.905633434549095,0.9721183230243249,0.06648488847522993
maize,voxel,theta_3,0.9474267736291294,0.8886232217789903,0.9670889078569224,0.07846568607793203
maize,voxel,theta_4,0.8731621268346318,0.6491743954741525,0.9550209389459801,0.3058465434718276
maize,voxel,Phi_1,0.5090231460115031,0.0,0.77331632617302,0.77331632617302
maize,voxel,Phi_2,0.6797851135634255,0.0788727899009266,0.8765078691278722,0.7976350792269455
maize,voxel,Phi_3,0.5796697821887985,0.0,0.8250221304809784,0.8250221304809784
maize,voxel,Phi_4,0.27475259817093994,0.0,0.5446915437790459,0.5446915437790459
maize,voxel,med_theta,0.9714113326126658,0.938671470135964,0.9841954975352628,0.04552402739929884
maize,voxel,am_theta,0.9711482808629468,0.9388943820827215,0.9840636635817144,0.04516928149899291
maize,voxel,med_phi,0.6451269234463852,0.0,0.8567560149382065,0.8567560149382065
maize,voxel,am_phi,0.536614475657648,0.0,0.7951272115610158,0.7951272115610158
maize,skeleton,theta_0,0.945748622430558,0.8587628106436076,0.9673382478920945,0.10857543724848695
maize,skeleton,theta_1,0.9607854374000059,0.909090895509909,0.9802565832729888,0.07116568776307985
maize,skeleton,theta_2,0.9646628779008656,0.9348252669488812,0.9767836255982327,0.04195835864935149
maize,skeleton,theta_3,0.9596043459441567,0.9126342855187068,0.979733133593925,0.06709884807521815
maize,skeleton,theta_4,0.9138656775462757,0.8267707450320355,0.9481340903961077,0.12136334536407223
maize,skeleton,Phi_1,0.4440140572480245,0.0,0.7508496894250629,0.7508496894250629
maize,skeleton,Phi_2,0.6782673794960888,0.0,0.8602374743561989,0.8602374743561989
maize,skeleton,Phi_3,0.5724557931112021,0.0,0.8568145550041556,0.8568145550041556
maize,skeleton,Phi_4,0.10025650452509093,0.0,0.4667726435111379,0.4667726435111379
maize,skeleton,med_theta,0.970541713287954,0.9392672426605101,0.9833149206154521,0.04404767795494202
maize,skeleton,am_theta,0.96186785090036,0.922809649997369,0.9781749905947783,0.055365340597409274
maize,skeleton,med_phi,0.6419670418816864,0.0,0.86081830817302,0.86081830817302
maize,skeleton,am_phi,0.5491262429709658,0.0,0.8091562804356146,0.8091562804356146
maize,procedural,theta_0,0.9097781993637052,0.8173742762981081,0.947017453804272,0.12964317750616394
maize,procedural,theta_1,0.9565419045766225,0.8966621606838198,0.9789852421977624,0.08232308151394263
maize,procedural,theta_2,0.9675789105663998,0.941524270992012,0.9794295688485759,0.037905297856563935
maize,procedural,theta_3,0.9464919285929302,0.8640008232298482,0.9756244049821589,0.11162358175231069
maize,procedural,theta_4,0.8979024587421278,0.7668468323978692,0.9462039782993128,0.17935714590144358
maize,procedural,Phi_1,0.4808600643988938,0.0,0.7741649238721516,0.7741649238721516
maize,procedural,Phi_2,0.5754300024721521,0.0,0.8104884946359296,0.8104884946359296
maize,procedural,Phi_3,0.5061729799810732,0.0,0.7864954770363366,0.7864954770363366
maize,procedural,Phi_4,0.22770878437915784,0.0,0.5663225196349289,0.5663225196349289
maize,procedural,med_theta,0.9703954771738643,0.9434431563270849,0.9822544761503562,0.03881131982327135
maize,procedural,am_theta,0.9671821672733488,0.9372145696259618,0.9808352906107154,0.04362072098475356
maize,procedural,med_phi,0.5690526776253709,0.0,0.828160530089566,0.828160530089566
maize,procedural,am_phi,0.5019117828524057,0.0,0.7816085830633123,0.7816085830633123
