source,category,label,trait,n_plants,n_genotypes,sigma2_G,sigma2_e,H2,H2_n2
gold,per-node theta,theta_0,theta_gold_0,80,20,296.41176697122455,144.3192535478864,0.672545732365511,0.8042180483929939
gold,per-node theta,theta_1,theta_gold_1,80,20,128.96767557618423,59.90627000221246,0.6828240665023492,0.8115216321116192
gold,per-node theta,theta_2,theta_gold_2,80,20,110.16964793468377,28.353798348171196,0.7953140850230165,0.8859887990159898
gold,per-node theta,theta_3,theta_gold_3,80,20,101.27370405128036,20.24851569873261,0.8333760217646909,0.9091163098801045
gold,per-node theta,theta_4,theta_gold_4,80,20,46.0700481479854,27.697181168267093,0.6245327169667085,0.7688767489186948
gold,per-node Phi_dev,Phi_dev_1,Phi_dev_gold_1,80,20,121.86036039721843,308.93763704611234,0.2828712322722636,0.44099707773668406
gold,per-node Phi_dev,Phi_dev_2,Phi_dev_gold_2,80,20,56.33528509851219,290.8583685740938,0.162258971333718,0.27921311056437315
gold,per-node Phi_dev,Phi_dev_3,Phi_dev_gold_3,80,20,42.485409466516074,180.7190626219928,0.1903430028483884,0.31981202458940655
gold,per-node Phi_dev,Phi_dev_4,Phi_dev_gold_4,80,20,102.33882640583046,170.59688788718512,0.3749557901241264,0.5454077764788009
gold,per-plant theta,med_theta,med_theta_gold,80,20,112.08650560446486,14.869447288852458,0.8828771164330715,0.9377957899935571
gold,per-plant theta,am_theta,am_theta_gold,80,20,126.11003909115435,45.99067401980005,0.7327688352450371,0.845777948379841
gold,per-plant Phi_dev,med_phi_dev,med_phi_dev_gold,80,20,60.79548915644271,146.7986909107382,0.29285738712312787,0.45303896630825685
gold,per-plant Phi_dev,am_phi_dev,am_phi_dev_gold,80,20,67.35591757989701,171.6720379441144,0.2817909622003641,0.43968317847495597
e1b,per-node theta,theta_0,theta_e1b_0,80,20,260.42580837192344,106.08493563331304,0.7105543633618627,0.8307884023812776
e1b,per-node theta,theta_1,theta_e1b_1,80,20,132.60448276253948,57.77162188200602,0.6965395316293901,0.821129739264513
e1b,per-node theta,theta_2,theta_e1b_2,80,20,126.54661230089897,27.654989355994886,0.8206569253571789,0.901495404134067
e1b,per-node theta,theta_3,theta_e1b_3,80,20,118.68269340913601,23.202034332070927,0.8364726443681051,0.9109557356417026
e1b,per-node theta,theta_4,theta_e1b_4,80,20,62.857940498936216,27.859240356813142,0.6929000648607841,0.8185953550870292
e1b,per-node Phi_dev,Phi_dev_1,Phi_dev_e1b_1,80,20,120.78056507727783,324.2097880762028,0.2714228841622094,0.4269592557177553
e1b,per-node Phi_dev,Phi_dev_2,Phi_dev_e1b_2,80,20,68.47085571542841,263.7158989908555,0.20612157090962172,0.3417923630271712
e1b,per-node Phi_dev,Phi_dev_3,Phi_dev_e1b_3,80,20,68.16935885673432,274.3355452460551,0.19903177455314902,0.331987489868354
e1b,per-node Phi_dev,Phi_dev_4,Phi_dev_e1b_4,80,20,120.163775174434,256.23795413707376,0.31924341950880675,0.48397955189751185
e1b,per-plant theta,med_theta,med_theta_e1b,80,20,116.5226709992223,20.21787111459005,0.8521442814102475,0.9201705179916257
e1b,per-plant theta,am_theta,am_theta_e1b,80,20,138.9751186985133,44.28148865614807,0.758363481157059,0.8625787435690279
e1b,per-plant Phi_dev,med_phi_dev,med_phi_dev_e1b,80,20,72.28568691865173,176.22506055413538,0.29087549594436474,0.45066390501365766
e1b,per-plant Phi_dev,am_phi_dev,am_phi_dev_e1b,80,20,66.74321507962647,189.71505789896167,0.2602498032309486,0.41301304322958293
e5,per-node theta,theta_0,theta_e5_0,80,20,249.78557936366286,123.7516144672507,0.6687033673994229,0.8014646347140273
e5,per-node theta,theta_1,theta_e5_1,80,20,192.99391943165017,57.69958312894579,0.7698401333117956,0.8699544312753718
e5,per-node theta,theta_2,theta_e5_2,80,20,206.19280798465027,36.920691732895854,0.8481339301363725,0.9178273460666232
e5,per-node theta,theta_3,theta_e5_3,80,20,167.96105397978178,42.23558507314587,0.799066315886664,0.8883122415560839
e5,per-node theta,theta_4,theta_e5_4,80,20,113.13294160173285,61.62908868361842,0.6473542417481045,0.7859320422317411
e5,per-node Phi_dev,Phi_dev_1,Phi_dev_e5_1,80,20,106.67696319940002,352.3631143202296,0.23239139330887348,0.3771389423370135
e5,per-node Phi_dev,Phi_dev_2,Phi_dev_e5_2,80,20,59.771404720140886,275.5692192499479,0.17824087046928228,0.3025542143997952
e5,per-node Phi_dev,Phi_dev_3,Phi_dev_e5_3,80,20,55.69905107842694,357.8195300236339,0.1346954009418015,0.2374124383160517
e5,per-node Phi_dev,Phi_dev_4,Phi_dev_e5_4,80,20,142.54336186208178,298.44341516303615,0.3232372698874886,0.4885552685724649
e5,per-plant theta,med_theta,med_theta_e5,80,20,182.29327575357038,27.219109913284164,0.8700835283477453,0.9305290540861357
e5,per-plant theta,am_theta,am_theta_e5,80,20,142.31229974480323,29.00555402993551,0.8306915864818494,0.9075166921788717
e5,per-plant Phi_dev,med_phi_dev,med_phi_dev_e5,80,20,73.7785720154118,213.9325205473937,0.2564328380884599,0.408191875148054
e5,per-plant Phi_dev,am_phi_dev,am_phi_dev_e5,80,20,81.52920373638376,206.32363021519444,0.28323224273031955,0.4414356704873458
