category,label,gold,e1b,e5,extractor_loss,compression_loss
per-node Phi_dev,Phi_dev_1,0.44099707773668406,0.4269592557177553,0.3771389423370135,0.01403782201892878,0.049820313380741776
per-node Phi_dev,Phi_dev_2,0.27921311056437315,0.3417923630271712,0.3025542143997952,-0.06257925246279805,0.03923814862737601
per-node Phi_dev,Phi_dev_3,0.31981202458940655,0.331987489868354,0.2374124383160517,-0.012175465278947473,0.09457505155230234
per-node Phi_dev,Phi_dev_4,0.5454077764788009,0.48397955189751185,0.4885552685724649,0.06142822458128905,-0.004575716674953045
per-node theta,theta_0,0.8042180483929939,0.8307884023812776,0.8014646347140273,-0.026570353988283668,0.02932376766725031
per-node theta,theta_1,0.8115216321116192,0.821129739264513,0.8699544312753718,-0.009608107152893841,-0.048824692010858706
per-node theta,theta_2,0.8859887990159898,0.901495404134067,0.9178273460666232,-0.015506605118077221,-0.01633194193255616
per-node theta,theta_3,0.9091163098801045,0.9109557356417026,0.8883122415560839,-0.0018394257615981235,0.02264349408561872
per-node theta,theta_4,0.7688767489186948,0.8185953550870292,0.7859320422317411,-0.049718606168334345,0.03266331285528812
per-plant Phi_dev,am_phi_dev,0.43968317847495597,0.41301304322958293,0.4414356704873458,0.02667013524537304,-0.028422627257762845
per-plant Phi_dev,med_phi_dev,0.45303896630825685,0.45066390501365766,0.408191875148054,0.00237506129459919,0.04247202986560367
per-plant theta,am_theta,0.845777948379841,0.8625787435690279,0.9075166921788717,-0.016800795189186868,-0.04493794860984379
per-plant theta,med_theta,0.9377957899935571,0.9201705179916257,0.9305290540861357,0.017625272001931314,-0.010358536094509985
