param,pair,r_real,r_A,r_B
leaf_length,0_to_1,0.5626578413101476,-0.02329836631514924,0.5926340044803947
leaf_length,1_to_2,0.417458793707008,-0.08235566953739977,0.4187192259344468
leaf_length,2_to_3,0.4279393181370637,-0.048999504679575145,0.4175840561006116
leaf_length,3_to_4,0.3771519044692294,-0.1291300428079052,0.46701315699557705
leaf_length,4_to_5,0.3330464014214779,0.03613152220142593,0.2686842875373053
leaf_length,5_to_6,0.22354528348257782,-0.1368175828729814,0.331793431984756
leaf_angle,0_to_1,0.4278565082323652,-0.09280417323459268,0.4765691682641595
leaf_angle,1_to_2,0.4567336442457096,0.08620922736319657,0.5018830914128626
leaf_angle,2_to_3,0.3990909763679761,-0.0042107615979105955,0.47842302255446645
leaf_angle,3_to_4,0.4054437856019336,0.020087283936746386,0.315230523518436
leaf_angle,4_to_5,0.35849314735560495,-0.04685600903832668,0.2958910623072277
leaf_angle,5_to_6,0.41776068932928506,0.07389068950166626,0.37469419637903606
droopiness,0_to_1,0.26786156159058166,-0.06624738044600519,0.23874553241346377
droopiness,1_to_2,0.2746963410159953,-0.058580371520801325,0.4781151452066065
droopiness,2_to_3,0.19812334621728994,-0.009989256286525533,0.27351093295226886
droopiness,3_to_4,0.1655591105477252,0.07624068392966478,0.28861649641492654
droopiness,4_to_5,0.291416189073228,-0.06126761461597199,0.2261010244074874
droopiness,5_to_6,0.034456932642272634,0.018776170840709087,0.03594764888924838
distance,0_to_1,-0.1898930795552312,-0.031694342159809326,-0.25668503711336
distance,1_to_2,-0.06274952686127054,0.025804765967274844,0.004245886768796197
distance,2_to_3,-0.07782065264300789,-0.00039358921786274587,-0.004868843077962837
distance,3_to_4,0.060431251216439705,0.026413542603989027,0.3394574287449053
distance,4_to_5,-0.17216543869995027,0.04723214583287275,-0.13508852629953777
distance,5_to_6,-0.2867715362547561,-0.13002816354231816,-0.24380264785240402
