trait,leaf_index,n_real,n_synth,mean_real,mean_synth,std_real,std_synth,KS_stat,KS_p
theta,0,324,324,37.27630064814815,36.70470100859376,24.18444994404713,17.313073455401273,0.16049382716049382,0.00046396556464631277
theta,1,324,324,32.355701203703696,35.12928817905048,14.362043150836616,18.602427270733582,0.20987654320987653,1.1651958196797031e-06
theta,2,322,324,30.888856055900625,33.80606305305006,12.650441672683325,18.066271116188492,0.24302200751476113,6.8961527245795e-09
theta,3,315,314,28.552516215873016,31.138888121867488,12.325898277239117,18.060060065683807,0.1916085330098069,1.6711191499942304e-05
theta,4,308,291,29.109174058441557,30.40320441226024,13.426009038506955,17.748203619322,0.19926808586602401,1.0839139885120872e-05
theta,5,286,244,28.94580541958042,30.59891992972683,12.20558914474143,17.920032883664806,0.174509916313195,0.0005492820202867692
theta,6,245,182,30.02374285306122,28.982617656509998,14.455549864291642,17.239937312099258,0.1783359497645212,0.0022006481299118356
theta,7,164,115,32.681973902439026,27.412319709738522,18.33336551052058,16.45303233781959,0.2569459172852598,0.00019757544883168215
theta,8,102,56,32.059014313725484,28.4007074503156,17.564082423640148,16.852786138398482,0.132703081232493,0.49543945412951
theta,9,51,23,36.484222941176476,26.11564224759271,17.609370523474176,16.721581302907264,0.33844842284739984,0.03981851988242881
theta,10,26,8,34.12769692307692,18.16751055045002,22.058923052474846,10.596595483458199,0.5288461538461539,0.042578393589320765
phi_diff_dev,0,324,324,45.60330706790124,38.04830004710331,47.82315776032461,31.50549661688212,0.13271604938271606,0.006593711417203684
phi_diff_dev,1,322,324,47.99300317919255,37.66862068915483,51.975294358521985,30.74495705293045,0.1399240855762595,0.003040353979872654
phi_diff_dev,2,315,314,45.67385455333334,38.777614392747786,50.29857312108668,32.09638049122914,0.1413102820746133,0.003342906938935501
phi_diff_dev,3,308,291,50.02802582370129,41.058828969119475,53.074578954490754,35.62745175210965,0.14344847592270274,0.00366359875538067
phi_diff_dev,4,286,244,52.04129757937063,40.01886227639876,50.54532983079033,32.88422759266836,0.1676028889143643,0.001034414099276992
phi_diff_dev,5,245,182,56.335762281632654,43.126152637481546,50.59453045023264,37.358686171382004,0.17551020408163265,0.0027229098166874246
phi_diff_dev,6,164,115,55.03725966341464,44.58679344325346,44.9850562493921,38.49314846340792,0.15455991516436904,0.06919914749053103
phi_diff_dev,7,102,56,55.48026015686274,49.674003805627,44.46727931284157,43.624668797992165,0.16631652661064425,0.2362827400705025
phi_diff_dev,8,51,23,65.53004305882352,43.47530848356578,51.88841955872657,40.00618630242631,0.3205456095481671,0.0589684533586857
phi_diff_dev,9,26,8,77.52101846153846,27.495350460212762,55.68076844920865,17.54879668151959,0.5769230769230769,0.01938312656103666
