plant_id,V,S,P,n_leaves,stem_radius
synth_lf_0000,0.0005463537689213992,1.415850280408185,0.004346396149034724,7,0.013321423780393384
synth_lf_0001,-0.375616602429097,-0.4622167642194677,1.4051182775773967,6,0.00902992273530653
synth_lf_0002,0.09620146801619125,-0.860274341339917,0.5931718741023295,6,0.01693556671587293
synth_lf_0003,-0.28410426029446734,-0.4318216762581299,0.3063971533684383,7,0.015769856728591183
synth_lf_0004,-0.056529385093535826,-0.4910035890454154,0.9250305193387008,7,0.011571121039080501
synth_lf_0005,-0.6021460239916955,-1.0440163776236449,0.2732200387476217,6,0.017766721381197607
synth_lf_0006,-0.05109232092034581,0.488589677640871,-0.1829062981506908,7,0.011732998035889754
synth_lf_0007,-0.8810318642033984,-0.5969573317194785,-0.09760689715741615,7,0.01322173131548881
synth_lf_0008,1.1006021404174664,1.7619343380507568,0.31805221375643106,8,0.012472033273165
synth_lf_0009,0.9903963278304725,-1.0910424053067485,-1.6610491470210011,7,0.013607888416908888
synth_lf_0010,-0.6403606435930432,0.9962601436400791,0.16366079657422397,6,0.006825133986329186
synth_lf_0011,0.27767613404579566,1.0419566168745054,-0.12193041796982647,7,0.012753777429191237
synth_lf_0012,-1.8535394857053555,-0.8341143400861204,1.3969518698901007,5,0.011554401715735123
synth_lf_0013,0.033075576215368545,1.3341629027461106,0.5867531316945509,6,0.014775320221418507
synth_lf_0014,-0.8426492211101706,0.5962636674153522,0.3124729782122555,6,0.009876791625411649
synth_lf_0015,0.6338338013203549,-0.5503969451304441,-1.825258061926696,6,0.00920078723167983
synth_lf_0016,0.10286941693333346,-1.8979644195783754,0.6421576780841374,7,0.015637256798434498
synth_lf_0017,3.493320126125449,0.9951330773947487,-0.02088464445526567,10,0.01498485508152125
synth_lf_0018,0.785191025227618,0.47872718731376557,0.33760040710783207,8,0.01272279556924823
synth_lf_0019,-0.6035607737447546,-0.3800542597007883,0.3597475254389896,6,0.009263656532268075
synth_lf_0020,-0.5478531737087032,-0.18155428586667052,1.3568326259921808,6,0.012211007295173219
synth_lf_0021,-0.5807682403353162,-1.2460430555701374,-0.4519652397346079,7,0.008488434818785077
synth_lf_0022,0.550098156443141,-0.8910149140298924,0.6764431976002183,7,0.012984966339001553
synth_lf_0023,1.551427427973161,1.2168598965566815,-0.3276435357634829,9,0.012728062717582266
synth_lf_0024,0.1232124924617288,0.2408175700426057,0.14044154250059712,7,0.010872383133543561
synth_lf_0025,-1.5405274885672615,0.040075104461748855,0.4066922320254232,5,0.010389375566323975
synth_lf_0026,1.592239073271006,-1.4285276877223154,-0.3064378258112145,8,0.016020093659290063
synth_lf_0027,-1.785707548224991,-0.40157052072437266,1.2972640803979654,5,0.006822303571924439
synth_lf_0028,0.02361749853267244,-0.13691190400456613,0.13381593767889474,7,0.01330124379475131
synth_lf_0029,-0.3068219460978638,1.8054855544659754,-1.2326521840575113,7,0.010416016920285867
synth_lf_0030,-0.30971324778166953,-0.6448232563108952,0.4842628911121565,7,0.01080160578173891
synth_lf_0031,0.5077523703114204,0.1045446193610562,0.4588057140243163,7,0.012849595400134077
synth_lf_0032,1.0545274615444997,-1.5535183535438455,-0.36658739208982527,8,0.013446136166339261
synth_lf_0033,-0.9513045660553416,0.5927593424992537,0.8364208907755469,5,0.01024162954099681
synth_lf_0034,0.518917507416171,0.17110248899006392,1.3442979907894792,7,0.0162256670276609
synth_lf_0035,2.046758059271937,-0.47456042327934805,-0.5589884845493046,8,0.013989585997507065
synth_lf_0036,2.0311561935682474,-0.9136310285714071,-1.3080317857083488,9,0.016324420691069243
synth_lf_0037,1.5985843509629567,0.4351331109245087,-0.790354733884528,8,0.017428403394647327
synth_lf_0038,0.15836656405342386,0.9723224881166113,0.904477564776586,7,0.01280637499475781
synth_lf_0039,1.4064862848809052,1.0332628505786319,-1.024199539212218,8,0.010996723895944508
synth_lf_0040,0.40820323043625134,1.0961421769578243,0.3635949012718887,8,0.010898417520246072
synth_lf_0041,-1.0226495126950652,-1.390157596541499,0.0941222845448032,6,0.015511819723567556
synth_lf_0042,-1.2127168768591663,0.7014897351806836,0.6773432039369598,5,0.0075309930901504025
synth_lf_0043,-1.3263307210080717,0.9392652348263603,-1.3132574990506165,5,0.003
synth_lf_0044,0.5769824534833797,0.13891703450269896,-0.6462217092646688,7,0.012519483012978666
synth_lf_0045,0.4998661872957683,-1.1202644120542846,-0.3962667927303015,7,0.01713341111064099
synth_lf_0046,-1.0398228744538793,0.48237651044682034,0.4097406300245167,6,0.00901234794254753
synth_lf_0047,-1.2959441712661168,-0.9815043361239754,0.6918605795381222,6,0.01176677860475419
synth_lf_0048,-1.8288713530811522,1.1546347055248336,-0.9562704335823374,5,0.009928292576802396
synth_lf_0049,0.7842671422235444,-0.21528227704906494,0.8887198947146109,8,0.013221197846185802
synth_lf_0050,-0.8014151635199236,-1.6356108230581208,0.5038743427396053,6,0.014338363321833445
synth_lf_0051,-0.1628157370720994,-1.3001556119298223,0.17123001532723078,6,0.010579094980311978
synth_lf_0052,2.2701190161730254,0.5022882337870718,-0.4590011840012622,8,0.013776892417853119
synth_lf_0053,0.19002315532395095,-1.3266734497973482,-1.4433912365570076,7,0.01431887244867321
synth_lf_0054,0.9914072128417194,0.3804030786673293,-1.8661220385597925,8,0.014400771759176405
synth_lf_0055,-0.23661842328619737,0.27111577889204164,-0.49570442400970116,7,0.013385766928265333
synth_lf_0056,0.1417070222843857,-0.5893700306257982,-0.7021500968532525,7,0.011049259466667393
synth_lf_0057,-0.9253270778876246,-0.5115620537129929,0.0806008322852032,6,0.012761652897123207
synth_lf_0058,0.5540445324404931,1.3508519573161393,0.4038452168619861,8,0.009010823045820548
synth_lf_0059,-1.32730453160474,-0.8438431783382563,-0.42389902189673845,5,0.0111355661192381
synth_lf_0060,1.8625020663311107,0.4539420208611599,0.05653007795170698,9,0.016120046490491077
synth_lf_0061,1.000364853668872,0.7058356901876432,0.1712624015416051,8,0.01056455621145342
synth_lf_0062,-0.32330375645260395,0.34877478540493023,-0.4498406059109066,7,0.012472072237930346
synth_lf_0063,0.1580271175776314,-0.519947609767692,0.8359789114185282,8,0.012626194017251938
synth_lf_0064,1.4818870776099602,0.4948231603759927,-0.09331831038190418,8,0.00900282666947181
synth_lf_0065,0.39976211566891473,-0.8903383446066059,-0.5190282556716754,7,0.008174074572355809
synth_lf_0066,0.5942933655589531,0.9512154730569428,-1.1687460580656066,7,0.015566640385635818
synth_lf_0067,-0.7160677767770799,0.18891120984587276,0.8063597086146308,6,0.008761193246630262
synth_lf_0068,-0.439099348948959,-0.06459284037934966,0.6411192630313318,7,0.013891681684876341
synth_lf_0069,0.9322705946194947,-0.16301656889034782,0.37128785446737494,6,0.017472777242770816
synth_lf_0070,-0.1716108764640452,-0.1454557115754265,0.059860112492840886,6,0.008688271855639324
synth_lf_0071,-0.2126647474761741,-0.9566653726076969,0.46157875466766063,7,0.009713174294313667
synth_lf_0072,-1.217860760531657,0.30670552060766487,-0.31275449206671263,5,0.007061149271343044
synth_lf_0073,0.23916561917712187,-0.3659638702464333,-1.8956548115366927,7,0.011989069485599017
synth_lf_0074,0.7978534732039321,0.9798146429061567,-1.7943929508965515,7,0.011225425734425294
synth_lf_0075,1.0635537410316058,-0.5207020941348789,0.8819858883009302,7,0.013537048684752553
synth_lf_0076,-0.17064068290818207,1.0716863962223795,-1.3356431056057223,7,0.011920467244594364
synth_lf_0077,-1.5502186327582204,1.1429250478024393,-2.006877850251623,5,0.009802411883297167
synth_lf_0078,0.6347226631341867,1.220763727139931,0.5215152334458993,7,0.012923992190472586
synth_lf_0079,1.0646226285780145,-0.030035134398095943,-0.0026418100003958436,8,0.017006572353579875
synth_lf_0080,-0.9937130852322629,0.8828416629370298,0.6790116038525028,6,0.007094600077312973
synth_lf_0081,0.1670794116576204,-0.03872636602468429,0.1287677655025804,7,0.014049459077498818
synth_lf_0082,-0.6128924781085774,1.7068379822644313,-1.17155495570382,7,0.007438485060070191
synth_lf_0083,0.0015271311835432229,0.9019033399353562,-1.141930055360757,7,0.011747104668758692
synth_lf_0084,-1.6769509567450442,-0.32245007824637606,0.2916263567975439,7,0.010499062046293552
synth_lf_0085,1.4961135312163358,0.540678068940678,0.18974468013225318,8,0.014957228555517503
synth_lf_0086,-0.5560701861241258,1.3898548453336463,0.496154496546319,6,0.008809202406011607
synth_lf_0087,1.0504336958241642,-0.17015133456272924,-2.251142652642735,8,0.013606608154379028
synth_lf_0088,-0.5557762233406321,-0.06285468195245092,0.12841738158758834,6,0.008594676368903213
synth_lf_0089,-0.38385589988281676,1.1426608932097584,-0.13024481115899547,7,0.011937328758801637
synth_lf_0090,-0.35926825292298153,-0.02838470102158305,0.6429952861295103,7,0.014361545608380044
synth_lf_0091,-1.7892794987438176,0.9400162318080219,1.3787553019401544,4,0.007625166829977126
synth_lf_0092,-0.20705778164303787,-0.08977493314637981,0.8734944959899806,7,0.008411970597513167
synth_lf_0093,-1.612267492216327,1.3319947316618104,0.6397999742624761,6,0.010224215213676915
synth_lf_0094,-0.14204748193191585,0.885319468001882,-0.2669820322281882,6,0.010712219035307615
synth_lf_0095,-2.042615256797155,-0.6421383009546321,-1.2824836024273414,4,0.006012772676175787
synth_lf_0096,-1.6527708386235274,1.0031924176276399,1.772081473107115,5,0.011781841695910185
synth_lf_0097,0.170643726413747,-0.17060626084407204,-1.0131327020644796,7,0.01107169625757641
synth_lf_0098,-1.788241046552548,-0.5814920283094398,-1.6589575540780017,5,0.0067454064926160545
synth_lf_0099,-0.5482959233033312,0.4464830563470587,-1.4941246737568945,6,0.008935982369402278
synth_lf_0100,-1.4673545004905448,-0.40538669494818746,-0.24840488477161643,5,0.009345243993554797
synth_lf_0101,-0.42328830440746007,0.40650199442393026,1.444423609718513,6,0.007858431458957737
synth_lf_0102,-1.8050958185040589,0.5139894493490998,-0.45955960257688144,6,0.012217863895093441
synth_lf_0103,1.048607714244293,-1.5376920675968524,2.9256578778135176,8,0.009460147701502407
synth_lf_0104,-0.24870067624535716,1.3034082387276713,0.6504289864951684,7,0.01272709569694084
synth_lf_0105,0.2710891307634926,-0.40986734350510157,-0.17828396164369154,7,0.010662264415076454
synth_lf_0106,-1.3302262530785216,-1.7426865510033305,1.5300181411116933,6,0.010203902281944536
synth_lf_0107,-0.9183861286887213,-1.861749828641145,-1.4429574248442913,5,0.014969933418232412
synth_lf_0108,-0.5216205763824583,0.746060249544796,-0.6133190200097961,7,0.005448580262955185
synth_lf_0109,-1.2661201510176623,1.7699560933472722,0.34904603684339014,6,0.008854266964743953
synth_lf_0110,0.7476734950667379,-0.43610720853247287,-0.36326785052986643,8,0.013108869861307243
synth_lf_0111,0.3692829315018956,-0.7671021479123812,-0.7617552849564934,7,0.012187724321203689
synth_lf_0112,0.13532150307936963,0.3595159671791626,-1.8797689694222481,6,0.017440268811337832
synth_lf_0113,-0.8233307607063688,-0.7104979093886433,-0.26671254785957865,6,0.01469630861439701
synth_lf_0114,0.9064030321574672,-1.028486343690938,-0.34523985590495954,7,0.013485345974544117
synth_lf_0115,-0.6157477214164807,0.17353823954976225,-0.644900207501845,7,0.011435150218501174
synth_lf_0116,0.32683912298424805,0.3122558425904588,-1.8503450053573953,7,0.014444341142628462
synth_lf_0117,-0.255471796891306,-0.2505973060717369,-0.09467447072926176,7,0.01484845776489925
synth_lf_0118,0.1433947543151006,0.5131331382572636,0.3459856184286589,7,0.005246465015208111
synth_lf_0119,-1.599653129066029,1.2362620897972085,0.06371704807043688,5,0.004958960585551597
synth_lf_0120,-0.728110005128944,0.0960345404665241,-1.3214520642888614,7,0.008550643811291432
synth_lf_0121,-0.6514776234266607,0.16306796635558182,0.5480443213681556,7,0.006436190751675464
synth_lf_0122,-1.2997567959298302,-1.1570014209345276,0.4697768071690241,6,0.013008865738441377
synth_lf_0123,-0.9018207035133188,-1.8430628596759078,-2.3266499776710288,5,0.014530189561569588
synth_lf_0124,-0.14230233593655353,1.0568612698504756,-0.39387810780018984,7,0.010287665167744046
synth_lf_0125,-0.0995481162407152,2.703832017657457,-0.7475072938170811,6,0.008310933271011272
synth_lf_0126,0.6693072700550059,0.04140086850896149,-2.543576282348061,6,0.009103815033081374
synth_lf_0127,-0.15730806958938282,-0.668615203006022,0.37656922135881904,7,0.012511003215194733
synth_lf_0128,-0.14724765309423854,1.7388182679105448,-0.4567011230301739,6,0.010862707699030765
synth_lf_0129,0.47067121501514814,-0.11239951499106571,0.0659743324120257,7,0.010280444398250531
synth_lf_0130,-0.13986969151755899,0.7123432797546906,-0.9745333946657636,8,0.010971956546732038
synth_lf_0131,-0.613093736626193,-0.21090178196775466,-1.5339408876215441,7,0.011983982744580618
synth_lf_0132,-1.2747007046526346,-1.0604451827010626,-0.6440689701593231,5,0.011377666939387902
synth_lf_0133,-0.7876648795313707,0.447682423192516,0.7032496540182316,6,0.015139654135936764
synth_lf_0134,0.4437906322106664,1.4456409723427004,0.5009762868931574,7,0.005575578070978138
synth_lf_0135,0.5088087229839507,2.5702774458563526,0.00010227063840974488,7,0.011080619295916652
synth_lf_0136,2.8897521580657974,0.09368883143124891,-1.5667680342288854,9,0.015435483379544932
synth_lf_0137,0.21296681241075974,1.0445533159065987,-1.0508392247944103,7,0.006369302221691134
synth_lf_0138,0.09776356895221353,-1.168036971049742,0.7537852690325707,7,0.015457844165004947
synth_lf_0139,-0.7328641621178736,-1.1101940525149407,-1.8737108302167351,6,0.009692483572653737
synth_lf_0140,-0.24858887280181208,2.2658247833477203,-0.39306457817512064,7,0.013683417519824024
synth_lf_0141,2.3022259106309764,-0.5964154741304186,1.0438780186739545,9,0.01455466154259539
synth_lf_0142,1.2974006648123186,-0.6902854395362971,0.21373249032297337,8,0.016261005196509505
synth_lf_0143,0.38221024428862266,0.7127981745167251,-0.4025182900136277,7,0.012957827389416811
synth_lf_0144,-0.4746085705175606,-0.8252989190490934,1.9911889516702996,6,0.015131614463291532
synth_lf_0145,-2.026720211791797,-0.5289358239443537,-0.4192788191643618,5,0.012812027163724118
synth_lf_0146,1.415558246986806,-0.6066667925107633,-0.1007736128512113,9,0.01878662046468383
synth_lf_0147,1.336987232463109,0.1474127479699331,1.1609366084063324,8,0.015238093171906086
synth_lf_0148,0.4182044379906899,0.4496788643135953,-0.7224284533429666,7,0.017533788244310296
synth_lf_0149,0.4265567782493564,-0.5028435104325011,0.016851025805237136,7,0.013381971817152687
synth_lf_0150,-1.3569348502920922,-0.09665883820541607,-0.1422392128810541,6,0.010771231685371467
synth_lf_0151,0.7919298793567768,-1.379277605184429,0.779372666260028,8,0.011885477549183968
synth_lf_0152,0.20192379976190042,-0.005381609462400561,-0.3996237581260807,7,0.014400132153741384
synth_lf_0153,-1.030565263291219,1.095732721935088,1.639590082764662,6,0.00872727907099077
synth_lf_0154,-0.7434494528330019,0.9869936065215175,-0.27190607193600386,7,0.005387868630246846
synth_lf_0155,-0.7871884229538396,0.0432717809058731,-0.10963511842066934,6,0.015209406919653175
synth_lf_0156,-0.23112502000500348,0.6958733086069993,-1.256625702737747,6,0.015097495882776694
synth_lf_0157,-0.432577429867817,-0.21057389575789817,-0.25245041459697115,6,0.014787003269439792
synth_lf_0158,-0.2940490624961975,-1.4855627008409875,-2.009045020410921,6,0.01568430143109113
synth_lf_0159,0.602498605577591,1.0465262186239084,-0.16354087846485013,8,0.009114801118049517
synth_lf_0160,0.0726994599378655,-0.9756481726777398,-0.5831838453568318,7,0.01180831933695942
synth_lf_0161,1.7398209628767864,0.9030754228306979,-0.6147427702393146,8,0.014394478801786329
synth_lf_0162,-0.05520149812085822,-0.5319367787885989,-0.34916995653164173,7,0.010433475365653795
synth_lf_0163,-0.5530791208595951,-1.1363924153211709,0.2187080419299914,7,0.012753659961965789
synth_lf_0164,0.4143371638652667,-0.2895159608032293,-0.8486352143452701,8,0.010697357227817403
synth_lf_0165,1.516035054920454,-0.5683648088306453,0.6614707867676728,8,0.016982841307776286
synth_lf_0166,0.29653715840228284,1.3526538359270326,0.8126969420657505,7,0.011896005702450283
synth_lf_0167,-1.1030617583686861,0.7581682425745537,-0.6161608263692931,6,0.011972622941244626
synth_lf_0168,1.420922804949069,0.8155358518608504,-0.3024771866751961,8,0.01745545443955059
synth_lf_0169,-0.5960105844397328,-2.0401194255064925,0.3999343915582757,7,0.009806704539529655
synth_lf_0170,1.2724351870546375,0.2082455910352631,0.670822816451348,8,0.012886978560928172
synth_lf_0171,0.7140836449067499,-0.5207322444317637,1.2183627157903114,7,0.012888768089170608
synth_lf_0172,-0.8689465660618368,-0.7907678760265756,0.024109568513691237,6,0.009854182158861236
synth_lf_0173,-0.3524927959618773,-1.4664953416193571,-1.053600836274958,6,0.013459010136416554
synth_lf_0174,-1.0909703756742979,-0.8999366169470295,-0.9494667371346875,5,0.010948283560758238
synth_lf_0175,-0.8659576351710917,-0.2800787691339634,-0.6804787676830485,7,0.008649197568746162
synth_lf_0176,0.6847866296231154,-0.16207128032685464,-0.8517265565609572,7,0.014634054010867363
synth_lf_0177,-1.5974411650401867,-0.37348748945665916,1.0968595564079469,6,0.00864395941509638
synth_lf_0178,-0.941503342655858,0.09121762746812767,-0.44786966398982664,6,0.0072083567877775905
synth_lf_0179,0.5389121400361616,-0.00414254304509853,0.13981680306245817,8,0.012443112881537498
synth_lf_0180,0.8480548620305987,-2.2677236199955346,0.3912313094003424,8,0.01389513884501017
synth_lf_0181,1.2258719702928311,-0.5862105614227121,-1.1325898389701659,9,0.012255974712523293
synth_lf_0182,-0.06670181178235295,0.020432908842132908,0.6328586182879485,6,0.008565805545392845
synth_lf_0183,0.5389018470843113,-0.3313355117999455,-1.1174355874639712,7,0.01662041957725711
synth_lf_0184,0.7120204402042001,0.11306395700338728,0.8699698879580662,7,0.010900887202281977
synth_lf_0185,-0.9616899257915,-0.7210032873567648,-0.7017628126734252,6,0.014341270113807574
synth_lf_0186,-1.2040809952557596,0.8615883369934173,0.11665026364121892,5,0.010245676138468307
synth_lf_0187,1.4171436563895974,0.23887912993498642,-0.9607869267560556,9,0.020204840327589138
synth_lf_0188,-0.287484500207841,-0.5019596232958121,-0.2787616769360099,7,0.010468598341126716
synth_lf_0189,0.012918091846160816,0.22296640930010114,0.7066742773819848,7,0.011504722644116014
synth_lf_0190,0.376723863108161,-2.5605824815326472,-0.6204625841556787,7,0.012682352737916285
synth_lf_0191,0.5793237339781871,-0.6419212836885548,0.24375247587205418,7,0.011571210029101314
synth_lf_0192,-0.42419120339796357,0.36407173987479613,0.6065171318704421,7,0.011365756075513335
synth_lf_0193,1.2896313302442168,-0.5245230603761143,2.211482392186945,9,0.015993765178087628
synth_lf_0194,1.3466688087932621,-0.47420345209538683,-0.26746187396824805,8,0.014390664786149192
synth_lf_0195,-0.7297798352505862,0.2380834235295433,-0.3402756991615886,7,0.011151407157460842
synth_lf_0196,-0.7558107565679444,0.29163846478937966,0.5315017684509784,6,0.004746260597519695
synth_lf_0197,-1.2400731690822353,-1.4995928001300487,0.7767302098588447,6,0.010166751654608579
synth_lf_0198,-1.2408222402751719,-2.204435069225152,0.010178999438739655,5,0.01769656763396631
synth_lf_0199,2.147554325557529,-0.050599408060869495,-1.4925328520282024,9,0.012569061433662203
synth_lf_0200,-0.07873642536798324,-0.8478391129398946,0.3120795068905284,6,0.017161717116295206
synth_lf_0201,-0.18451889230577662,0.4007964284766264,0.9114957516002958,6,0.012299817267601605
synth_lf_0202,0.1681098436396348,-0.5535377214732818,-0.15204847401499422,7,0.01012325253239494
synth_lf_0203,-0.8918899249063112,-1.085205733550733,-1.4508102386791786,6,0.019286687619457604
synth_lf_0204,-0.6316992918397973,1.298320256330007,-1.031465759672318,6,0.012627013565603334
synth_lf_0205,-2.440906721019426,-0.8724644567323431,-0.9283742403789205,5,0.008065716066180884
synth_lf_0206,0.2525121150964061,0.8119022063498722,-1.5812967675771359,7,0.010852268953315774
synth_lf_0207,-0.3853735890271071,0.8094733469337725,-0.1996208101562734,6,0.007118084459182453
synth_lf_0208,0.3637420200133988,0.04658791047542314,-0.2585356815852336,7,0.012676162191548528
synth_lf_0209,0.7848107530558609,-0.00545084437974771,0.4494419602917731,8,0.020901334454036302
synth_lf_0210,-0.3946808921186898,0.052807475244024786,-0.5590943718186063,6,0.012933836251120542
synth_lf_0211,0.6694206174629311,1.5464535214193738,-0.6679872146240194,7,0.011332255033435157
synth_lf_0212,0.30368532335948145,0.020595305250532707,0.27900127079704057,6,0.006980422974376457
synth_lf_0213,0.4790227336624288,1.9156147394710727,0.47352508646186453,7,0.009396793460682566
synth_lf_0214,-0.9679675146494372,-0.7840027976341722,0.26778618375187735,6,0.010380719080011178
synth_lf_0215,1.3237911559785889,-0.24575635996408338,0.14524193234769586,8,0.011364058086090246
synth_lf_0216,-0.4631999937703689,-0.576098845048715,0.09034574782214336,6,0.010212329610883017
synth_lf_0217,0.8027408399594022,-0.22504454240293878,0.6329109058014472,8,0.011901111062247616
synth_lf_0218,-1.5330598480322735,-0.13085748184050972,1.5427022082378306,5,0.007282914678152934
synth_lf_0219,0.01953412832489973,-0.33575956238725785,0.19089918102261866,7,0.011129021008856703
synth_lf_0220,-2.162727797598843,-0.18872335946903168,0.7035159782725019,4,0.009680378352523628
synth_lf_0221,-0.8535876948112324,-1.1831737232038932,-0.6130691925986584,6,0.007975545162462117
synth_lf_0222,-0.4672849672792593,0.8385368504345626,0.16562128000797507,6,0.011265503529377002
synth_lf_0223,0.22617095392921102,-1.1566420292234225,-0.5554722572916082,7,0.012516464581946515
synth_lf_0224,-1.7603896326179995,1.0418033676921616,0.08919953190369664,4,0.00438253804337177
synth_lf_0225,0.2726503605340636,0.2798443414314614,-0.10174118772580104,7,0.015462338006972423
synth_lf_0226,-0.13144242850254098,-0.7430111464715375,-0.08104767028453227,7,0.01096892526191795
synth_lf_0227,0.7789500741587506,0.6563225660164221,-1.737982704888084,9,0.01531485295383106
synth_lf_0228,0.564900163781743,-1.202681507049171,0.038129287473012474,7,0.017180434412142127
synth_lf_0229,-1.3240970885133698,-0.1389621092437727,0.08957779085337807,6,0.00780386435001029
synth_lf_0230,-0.4010044156222936,-0.11862596075440188,-1.2458888887196868,5,0.00636910991245121
synth_lf_0231,-1.0011877041778294,-0.3765152324057721,0.46268940702875133,6,0.014509936734410093
synth_lf_0232,-1.3400285245023549,-0.5126435808851652,0.2766750212792317,5,0.014284094905918253
synth_lf_0233,-0.09277222429321393,-0.9238306945377384,-0.9956572225541331,6,0.01069382023730228
synth_lf_0234,0.7839684113308647,1.3575798387423526,-0.061335915946934716,8,0.008960433698320579
synth_lf_0235,0.9148580219812694,-0.72730558416773,1.4937698949765015,8,0.019733535957822967
synth_lf_0236,0.92089217441585,-0.46534977536552474,0.5196909929252542,8,0.011604356951337214
synth_lf_0237,1.5596185072575999,-1.139671859539949,-0.6624089382307189,8,0.015517056766939527
synth_lf_0238,0.27475489156265426,1.1137024261665938,-0.3502066514396568,8,0.009888538631662575
synth_lf_0239,-0.44951085740045527,1.2293033865224117,2.479201283809159,7,0.008924517579334467
synth_lf_0240,0.12619198460821535,0.24558659862450544,-0.39683314188423213,7,0.009999876608469658
synth_lf_0241,-1.9144845320107184,1.5058352643399262,0.6347983060530196,5,0.006936452606367818
synth_lf_0242,-1.3713213769872559,-1.1417021735351427,1.2869189605495295,6,0.012451556737310096
synth_lf_0243,-1.4955993150378006,-0.33844803574472965,0.12876648394499882,6,0.010538844814473525
synth_lf_0244,-0.01218964647776998,-0.5974910104192689,0.5024230148481269,7,0.013108291610714248
synth_lf_0245,1.3674620211382038,-2.608613336600122,0.26793850227532046,8,0.01988177316782799
synth_lf_0246,1.1942240419044459,0.6675636110875135,-0.4511538726971089,8,0.01593592219082928
synth_lf_0247,-0.9709237664439351,-0.8303285489380716,-1.6620658107399595,6,0.011969851427323024
synth_lf_0248,0.25148343912934384,-0.17700871498194914,-0.9305920011886795,8,0.010984574557511756
synth_lf_0249,-0.10078188777328859,2.0619233953320495,-1.0428489233403442,5,0.010126718479339046
synth_lf_0250,1.4813827982131382,0.30792601922957946,-0.0669922497928997,8,0.013975833193962565
synth_lf_0251,2.710368658067006,1.1026695365612522,-0.1912043271185672,9,0.01376230718772466
synth_lf_0252,1.5527261469507854,-0.06543731538115004,-0.3064959312322138,8,0.018532502767586265
synth_lf_0253,1.648722817751528,0.31206214449125963,0.46159451143372104,10,0.013076009195536753
synth_lf_0254,-0.17697174609967387,-0.7694930547993337,1.1576871493057699,7,0.01332552403740446
synth_lf_0255,-0.692495968940354,-0.13301321640682215,-0.6558443326262422,6,0.020163609870375014
synth_lf_0256,-0.6526095765751481,0.10793651488664927,1.2019361738872194,6,0.009472928655537522
synth_lf_0257,-2.450353450849392,0.8855991662689833,-1.274938813798569,4,0.009036154162065817
synth_lf_0258,0.9943531394767867,0.7295563673232598,-0.9576547391580915,8,0.013263211223949217
synth_lf_0259,0.6085639631194334,2.2114646336285295,-0.9641711222930429,7,0.01397889279378255
synth_lf_0260,0.32290148501440336,1.4798009216617238,0.8483777521331317,7,0.01086818579896192
synth_lf_0261,0.898886676994944,1.5342736905859033,0.9099458289055455,8,0.014292123439516247
synth_lf_0262,-1.0449490457775785,-0.4458823872079305,-0.5382235445590949,6,0.00844713350168238
synth_lf_0263,-0.7588366506873486,-0.3492224130152127,0.08305642531483012,6,0.007684734616222323
synth_lf_0264,-0.8373242030987668,0.690377799339733,0.38955806234079504,5,0.011761561393634238
synth_lf_0265,0.21016960520034228,0.26195409741423664,-0.9270452344253302,7,0.011065359655413012
synth_lf_0266,-1.327810609301558,0.4900230237258652,-1.4064526158377912,7,0.004389562936706702
synth_lf_0267,-0.7540871142878678,-0.12176838114728593,1.4820601740347223,6,0.011604093480617745
synth_lf_0268,0.73247270479982,-0.29057997131215973,-1.6088747009669775,7,0.013428954001088886
synth_lf_0269,-0.4011418213914579,-1.6040432615520477,-0.033812577118928065,6,0.014963372718831705
synth_lf_0270,0.8041514785713625,-0.6788801225675934,-2.0082834602755146,8,0.013815123052176196
synth_lf_0271,-0.3404116129546777,-0.17272497109567403,1.6423262882982743,7,0.008519190211241666
synth_lf_0272,-1.1286612512496836,-0.9099429163767503,0.45337272285099506,6,0.012954007040156403
synth_lf_0273,0.5739228043259558,0.41860551920032857,-0.1429294479684574,7,0.01104395633898134
synth_lf_0274,0.7218670510849491,0.4804444403965582,1.156682938003685,8,0.009426671768705338
synth_lf_0275,1.1569097984744259,0.7197237252870811,1.3317559076597354,8,0.012844493145325079
synth_lf_0276,-0.18080809341891832,-0.5779867434088893,-0.6525480330626433,7,0.015140343686205652
synth_lf_0277,1.1605458940218834,1.524670216115935,0.2465261082961831,8,0.0128015649401455
synth_lf_0278,-0.8454561948470962,0.6772063130153687,-0.2461619926741829,6,0.013399276123138723
synth_lf_0279,-0.41721442270180514,0.683478201841508,0.05970772854531385,6,0.011683397920285617
synth_lf_0280,-0.28018846438953604,-0.10875105931410921,0.03982936236455313,6,0.015605359865115478
synth_lf_0281,-0.563129096905662,-0.361191742459732,-1.8993727137031553,6,0.009771639682025157
synth_lf_0282,0.07241681089841794,1.4402957492694228,1.0601966341302147,7,0.012358473009244997
synth_lf_0283,0.017954089351419716,-1.2207207616657045,-0.7192689672822745,6,0.019231899913404876
synth_lf_0284,0.6473792480978277,-0.5002153622472421,-1.183372067077392,7,0.01504383059598534
synth_lf_0285,1.8393636191470835,0.6262974774934117,-0.1295894868197313,9,0.009026661020443676
synth_lf_0286,-0.9713416999358715,0.38346572062111434,-0.673926394668072,6,0.008671929201139756
synth_lf_0287,0.4022696326598538,-0.40116620588908564,-0.5920301875045278,6,0.010361417986029027
synth_lf_0288,1.5320164632920974,-1.2878037803116735,1.298071635102558,8,0.016691794040854364
synth_lf_0289,-0.34554364224979,-0.9973567488284609,-0.5072783621526812,6,0.014961122192513986
synth_lf_0290,-1.0697544069531637,3.0292348009100682,-2.053936179918351,7,0.009945148819074575
synth_lf_0291,-0.13423999577849718,0.6848889561213872,0.8985445391635972,6,0.0068288420723715704
synth_lf_0292,0.6145033723792552,-0.022452277649405925,0.9324459684880125,8,0.014649901134429004
synth_lf_0293,0.5388624198977229,1.4348649024242526,0.6344972257402332,8,0.017480205287294874
synth_lf_0294,1.7447019228322875,1.8246027838201992,1.8891572021944163,8,0.007267301184403654
synth_lf_0295,0.21664907129340452,0.30888210253453835,0.6556566500191199,8,0.012251273393424234
synth_lf_0296,2.425078908080485,2.1301145257046676,-1.5327334698870347,9,0.010762507204274328
synth_lf_0297,-3.094419360288603,0.2526888711747475,0.975376422484544,4,0.007882945483337827
synth_lf_0298,1.5592439728337524,0.0634758592642208,1.3177174548868182,9,0.010529623477286133
synth_lf_0299,-0.7870644713704419,-1.3034274109363413,0.5397674768265636,7,0.014422467186217662
synth_lf_0300,0.1073994293345542,0.2502344750420253,1.0245033702098028,7,0.01330479590195971
synth_lf_0301,1.2517348852148524,0.8362647979057054,0.36010642070951715,8,0.015737158950792564
synth_lf_0302,-0.2472581832371729,-0.3518321263469942,0.7645831122219549,6,0.01550458115741093
synth_lf_0303,0.07948218968281101,-2.247846347184014,0.8129532718090827,7,0.019257427595380995
synth_lf_0304,-0.6551773099470529,-0.41795011941038,-1.0155466523404628,6,0.011769834382159637
synth_lf_0305,1.660919337549928,-1.8719081854548607,-0.3301142599957085,8,0.01502861562328065
synth_lf_0306,0.969537556950151,-0.07501699843640708,-0.3391481218088625,8,0.014113679915344436
synth_lf_0307,-1.099331427200758,0.8396983293597596,0.8401857879551798,5,0.010681140440119292
synth_lf_0308,0.28476806218546996,0.17609163318070895,0.011186108643831292,7,0.01480932640137304
synth_lf_0309,1.2396148599701218,-0.2724904620380231,-0.798706074630896,9,0.012452901510849424
synth_lf_0310,0.41664377678375647,1.005034720491717,0.46861398571449986,8,0.014051766873457099
synth_lf_0311,-0.5910286057172569,-0.8470805106880731,0.5872522273086024,6,0.010730856009949382
synth_lf_0312,0.9521617766497316,-1.3048936920815013,-2.0230212373804575,8,0.013029637047994336
synth_lf_0313,-0.15063635675331682,0.2424794053064253,0.7644020412978977,7,0.012411803157067618
synth_lf_0314,-1.099789030295028,-1.6065852648797956,-1.5242492567634465,5,0.012374090558593518
synth_lf_0315,-2.575743553385218,-1.0143848870408652,0.5881146128772068,5,0.010741093231361819
synth_lf_0316,-0.11615274539218448,2.6991418254276884,0.7568796718579451,7,0.009636313935351862
synth_lf_0317,1.1975844908910218,-0.1681595052634774,0.5390006788220607,8,0.016071769880133282
synth_lf_0318,0.7266264659186839,0.032753266630651263,0.8843020817487607,8,0.013884155512246161
synth_lf_0319,-1.4876026392564867,1.9249924877938658,-0.777711914018959,5,0.010332142747819115
synth_lf_0320,-0.9213416893816797,1.426322046612593,0.7073413731731483,5,0.01027089180848718
synth_lf_0321,-0.8373215813016102,-1.3893426650632146,-0.6578303837773136,6,0.012699194543002309
synth_lf_0322,0.47762617788348527,-0.8060638914049052,0.5285549629260762,8,0.016392584610102963
synth_lf_0323,1.7840657703297575,-0.26633841681345805,-0.4856218081993297,8,0.02060500234892939
